cell	arm	alias	observed_model	restore_outcome	observed_contextWindow
01-C-r1-attempt1	C	flashnext-plan	flashnext-plan	repaired	29000
01-C-r2-attempt1	C	flashnext-plan	flashnext-plan	repaired	29000
01-C-r3-attempt1	C	flashnext-plan	flashnext-plan	repaired	29000
01-C-r4-attempt1	C	flashnext-plan	flashnext-plan	repaired	29000
01-C-r5-attempt1	C	flashnext-plan	flashnext-plan	repaired	29000
02-C-r1-attempt1	C	flashnext-plan	flashnext-plan	repaired	29000
02-C-r2-attempt1	C	flashnext-plan	flashnext-plan	repaired	29000
02-C-r3-attempt1	C	flashnext-plan	flashnext-plan	repaired	29000
02-C-r4-attempt1	C	flashnext-plan	flashnext-plan	repaired	29000
02-C-r5-attempt1	C	flashnext-plan	flashnext-plan	repaired	29000
03-C-r1-attempt1	C	flashnext-plan	flashnext-plan	repaired	29000
03-C-r2-attempt1	C	flashnext-plan	flashnext-plan	repaired	29000
03-C-r3-attempt1	C	flashnext-plan	flashnext-plan	repaired	29000
03-C-r4-attempt1	C	flashnext-plan	flashnext-plan	repaired	29000
03-C-r5-attempt1	C	flashnext-plan	flashnext-plan	repaired	29000
04-C-r1-attempt1	C	flashnext-plan	flashnext-plan	repaired	29000
04-C-r2-attempt1	C	flashnext-plan	flashnext-plan	repaired	29000
04-C-r3-attempt1	C	flashnext-plan	flashnext-plan	repaired	29000
04-C-r4-attempt1	C	flashnext-plan	flashnext-plan	repaired	29000
04-C-r5-attempt1	C	flashnext-plan	flashnext-plan	repaired	29000
05-C-r1-attempt1	C	flashnext-plan	flashnext-plan	repaired	29000
05-C-r2-attempt1	C	flashnext-plan	flashnext-plan	repaired	29000
05-C-r3-attempt1	C	flashnext-plan	flashnext-plan	repaired	29000
05-C-r4-attempt1	C	flashnext-plan	flashnext-plan	repaired	29000
05-C-r5-attempt1	C	flashnext-plan	flashnext-plan	repaired	29000
06-C-r1-attempt1	C	flashnext-plan	flashnext-plan	repaired	29000
06-C-r2-attempt1	C	flashnext-plan	flashnext-plan	repaired	29000
06-C-r3-attempt1	C	flashnext-plan	flashnext-plan	repaired	29000
06-C-r4-attempt1	C	flashnext-plan	flashnext-plan	repaired	29000
06-C-r5-attempt1	C	flashnext-plan	flashnext-plan	repaired	29000
07-C-r1-attempt1	C	flashnext-plan	flashnext-plan	repaired	29000
